<?xml version="1.0" encoding="UTF-8"?>
<configuration>
    <appender name="STDOUT" class="ch.qos.logback.core.ConsoleAppender">
        <!-- encoders are assigned the type
             ch.qos.logback.classic.encoder.PatternLayoutEncoder by default -->
        <encoder>
            <pattern>%d{yyyy.MM.dd HH:mm:ss.SSS} [%thread] %-5level %logger{20} - %msg%n</pattern>
        </encoder>
    </appender>

    <appender name="FILE"
              class="ch.qos.logback.core.rolling.RollingFileAppender">
        <file>ftb_bdd.log</file>
        <rollingPolicy
                class="ch.qos.logback.core.rolling.TimeBasedRollingPolicy">
            <!-- daily rollover -->
            <fileNamePattern>tests_services.%d{yyyy-MM-dd}.log</fileNamePattern>
            <maxHistory>3</maxHistory>
            <totalSizeCap>24MB</totalSizeCap>

        </rollingPolicy>
        <encoder>
            <pattern>%d{dd.MM.yyyy HH:mm:ss.SSS} [%thread] %-5level %logger{20} - %msg%n</pattern>
        </encoder>
    </appender>

    <root level="info">
        <appender-ref ref="STDOUT"/>
        <appender-ref ref="FILE"/>
    </root>
</configuration>